Date,Competition Name,Home team,Opponent,Away team,Minute,Score Home Team - When Messi Scored,Score Away Team - When Messi Scored,Goal Type,Goal Method,Final Game Result
Saturday 16 February 2019,Liga,FC Barcelona,Real Valladolid,Real Valladolid,43,1,0,Penalty,Left foot,Won
Sunday 13 January 2019,Liga,FC Barcelona,Eibar,Eibar,53,2,0,Field goal,Left foot,Won
Saturday 22 December 2018,Liga,FC Barcelona,Celta de Vigo,Celta de Vigo,45,2,0,Field goal,Left foot,Won
Saturday 20 October 2018,Liga,FC Barcelona,Sevilla,Sevilla,12,2,0,Field goal,Left foot,Won
Sunday 23 September 2018,Liga,FC Barcelona,Girona,Girona,19,1,0,Field goal,Left foot,Draw
Saturday 18 August 2018,Liga,FC Barcelona,Alavés,Alavés,90+2,3,0,Field goal,Left foot,Won
Saturday 18 August 2018,Liga,FC Barcelona,Alavés,Alavés,64,1,0,Free kick,Left foot,Won
Wednesday 9 May 2018,Liga,FC Barcelona,Villarreal,Villarreal,45,3,0,Field goal,Left foot,Won
Saturday 7 April 2018,Liga,FC Barcelona,Leganés,Leganés,32,2,0,Field goal,Left foot,Won
Saturday 7 April 2018,Liga,FC Barcelona,Leganés,Leganés,27,1,0,Free kick,Left foot,Won
Sunday 18 March 2018,Liga,FC Barcelona,Athletic de Bilbao,Athletic de Bilbao,30,2,0,Field goal,Left foot,Won
Sunday 4 March 2018,Liga,FC Barcelona,Atlético Madrid,Atlético Madrid,26,1,0,Free kick,Left foot,Won
Sunday 7 January 2018,Liga,FC Barcelona,Levante,Levante,12,1,0,Field goal,Left foot,Won
Sunday 1 October 2017,Liga,FC Barcelona,Las Palmas,Las Palmas,77,3,0,Field goal,Left foot,Won
Sunday 1 October 2017,Liga,FC Barcelona,Las Palmas,Las Palmas,71,2,0,Field goal,Left foot,Won
Tuesday 19 September 2017,Liga,FC Barcelona,Eibar,Eibar,20,1,0,Penalty,Left foot,Won
Saturday 9 September 2017,Liga,FC Barcelona,Espanyol,Espanyol,67,3,0,Field goal,Left foot,Won
Saturday 9 September 2017,Liga,FC Barcelona,Espanyol,Espanyol,26,1,0,Field goal,Left foot,Won
Wednesday 26 April 2017,Liga,FC Barcelona,Osasuna,Osasuna,12,1,0,Field goal,Left foot,Won
Saturday 15 April 2017,Liga,FC Barcelona,Real Sociedad,Real Sociedad,37,2,0,Rebound,Left foot,Won
Saturday 15 April 2017,Liga,FC Barcelona,Real Sociedad,Real Sociedad,17,1,0,Field goal,Left foot,Won
Wednesday 5 April 2017,Liga,FC Barcelona,Sevilla,Sevilla,33,3,0,Field goal,Left foot,Won
Saturday 4 March 2017,Liga,FC Barcelona,Celta de Vigo,Celta de Vigo,64,5,0,Solo run,Left foot,Won
Saturday 4 March 2017,Liga,FC Barcelona,Celta de Vigo,Celta de Vigo,24,1,0,Solo run,Left foot,Won
Saturday 4 February 2017,Liga,FC Barcelona,Athletic de Bilbao,Athletic de Bilbao,40,2,0,Free kick,Left foot,Won
Saturday 15 October 2016,Liga,FC Barcelona,Deportivo La Coruña,Deportivo La Coruña,58,4,0,Field goal,Left foot,Won
Sunday 8 May 2016,Liga,FC Barcelona,Espanyol,Espanyol,8,1,0,Free kick,Left foot,Won
Saturday 12 March 2016,Liga,FC Barcelona,Getafe,Getafe,40,4,0,Field goal,Left foot,Won
Sunday 14 February 2016,Liga,FC Barcelona,Celta de Vigo,Celta de Vigo,28,1,0,Free kick,Left foot,Won
Sunday 17 January 2016,Liga,FC Barcelona,Athletic de Bilbao,Athletic de Bilbao,7,1,0,Penalty,Left foot,Won
Saturday 9 January 2016,Liga,FC Barcelona,Granada,Granada,58,3,0,Rebound,Left foot,Won
Saturday 9 January 2016,Liga,FC Barcelona,Granada,Granada,14,2,0,Field goal,Left foot,Won
Saturday 9 January 2016,Liga,FC Barcelona,Granada,Granada,8,1,0,Field goal,Left foot,Won
Saturday 12 December 2015,Liga,FC Barcelona,Deportivo La Coruña,Deportivo La Coruña,39,1,0,Free kick,Left foot,Draw
Saturday 28 November 2015,Liga,FC Barcelona,Real Sociedad,Real Sociedad,90+1,4,0,Field goal,Left foot,Won
Sunday 20 September 2015,Liga,FC Barcelona,Levante,Levante,61,3,0,Penalty,Left foot,Won
Tuesday 28 April 2015,Liga,FC Barcelona,Getafe,Getafe,47,6,0,,Left foot,Won
Tuesday 28 April 2015,Liga,FC Barcelona,Getafe,Getafe,9,1,0,Penalty,Left foot,Won
Saturday 18 April 2015,Liga,FC Barcelona,Valencia,Valencia,90+4,2,0,Rebound,Left foot,Won
Wednesday 8 April 2015,Liga,FC Barcelona,UD Almería,UD Almería,33,1,0,Solo run,Left foot,Won
Sunday 8 March 2015,Liga,FC Barcelona,Rayo Vallecano,Rayo Vallecano,68,5,0,,Left foot,Won
Sunday 8 March 2015,Liga,FC Barcelona,Rayo Vallecano,Rayo Vallecano,63,4,0,Rebound,Left foot,Won
Sunday 8 March 2015,Liga,FC Barcelona,Rayo Vallecano,Rayo Vallecano,56,3,0,Penalty,Left foot,Won
Sunday 15 February 2015,Liga,FC Barcelona,Levante,Levante,65,4,0,Penalty,Left foot,Won
Saturday 22 November 2014,Liga,FC Barcelona,Sevilla,Sevilla,21,1,0,Free kick,Left foot,Won
Saturday 18 October 2014,Liga,FC Barcelona,Eibar,Eibar,74,3,0,,Left foot,Won
Sunday 24 August 2014,Liga,FC Barcelona,Elche,Elche,63,3,0,,Left foot,Won
Sunday 24 August 2014,Liga,FC Barcelona,Elche,Elche,42,1,0,,Left foot,Won
Saturday 3 May 2014,Liga,FC Barcelona,Getafe,Getafe,23,1,0,,Left foot,Draw
Saturday 5 April 2014,Liga,FC Barcelona,Real Betis,Real Betis,15,1,0,Penalty,Left foot,Won
Sunday 16 March 2014,Liga,FC Barcelona,Osasuna,Osasuna,63,4,0,,Left foot,Won
Sunday 16 March 2014,Liga,FC Barcelona,Osasuna,Osasuna,18,1,0,,Left foot,Won
Sunday 2 March 2014,Liga,FC Barcelona,UD Almería,UD Almería,24,2,0,Free kick,Left foot,Won
Saturday 15 February 2014,Liga,FC Barcelona,Rayo Vallecano,Rayo Vallecano,68,5,0,,Left foot,Won
Saturday 15 February 2014,Liga,FC Barcelona,Rayo Vallecano,Rayo Vallecano,36,2,0,,Left foot,Won
Saturday 14 September 2013,Liga,FC Barcelona,Sevilla,Sevilla,75,2,0,,Left foot,Won
Sunday 18 August 2013,Liga,FC Barcelona,Levante,Levante,42,5,0,Penalty,Left foot,Won
Sunday 18 August 2013,Liga,FC Barcelona,Levante,Levante,12,2,0,,Left foot,Won
Sunday 17 March 2013,Liga,FC Barcelona,Rayo Vallecano,Rayo Vallecano,57,3,0,,Left foot,Won
Sunday 17 March 2013,Liga,FC Barcelona,Rayo Vallecano,Rayo Vallecano,40,2,0,,Left foot,Won
Saturday 9 March 2013,Liga,FC Barcelona,Deportivo La Coruña,Deportivo La Coruña,88,2,0,,Left foot,Won
Sunday 10 February 2013,Liga,FC Barcelona,Getafe,Getafe,13,2,0,,Left foot,Won
Sunday 6 January 2013,Liga,FC Barcelona,Espanyol,Espanyol,29,4,0,Penalty,Left foot,Won
Saturday 1 December 2012,Liga,FC Barcelona,Athletic de Bilbao,Athletic de Bilbao,25,2,0,,Left foot,Won
Saturday 17 November 2012,Liga,FC Barcelona,Real Zaragoza,Real Zaragoza,16,1,0,,Left foot,Won
Saturday 5 May 2012,Liga,FC Barcelona,Espanyol,Espanyol,79,4,0,Penalty,Left foot,Won
Saturday 5 May 2012,Liga,FC Barcelona,Espanyol,Espanyol,74,3,0,,Left foot,Won
Saturday 5 May 2012,Liga,FC Barcelona,Espanyol,Espanyol,64,2,0,Penalty,Left foot,Won
Saturday 5 May 2012,Liga,FC Barcelona,Espanyol,Espanyol,12,1,0,Free kick,Left foot,Won
Tuesday 10 April 2012,Liga,FC Barcelona,Getafe,Getafe,44,2,0,,Left foot,Won
Saturday 31 March 2012,Liga,FC Barcelona,Athletic de Bilbao,Athletic de Bilbao,58,2,0,Penalty,Left foot,Won
Tuesday 20 March 2012,Liga,FC Barcelona,Granada,Granada,17,2,0,Field goal,Left foot,Won
Saturday 4 February 2012,Liga,FC Barcelona,Real Sociedad,Real Sociedad,72,2,0,,Left foot,Won
Sunday 15 January 2012,Liga,FC Barcelona,Real Betis,Real Betis,12,2,0,,Left foot,Won
Saturday 3 December 2011,Liga,FC Barcelona,Levante,Levante,55,4,0,,Left foot,Won
Tuesday 29 November 2011,Liga,FC Barcelona,Rayo Vallecano,Rayo Vallecano,50,4,0,,Left foot,Won
Saturday 29 October 2011,Liga,FC Barcelona,Real Mallorca,Real Mallorca,30,3,0,,Left foot,Won
Saturday 29 October 2011,Liga,FC Barcelona,Real Mallorca,Real Mallorca,13,1,0,Penalty,Left foot,Won
Saturday 24 September 2011,Liga,FC Barcelona,Atlético Madrid,Atlético Madrid,90+1,5,0,,Left foot,Won
Saturday 24 September 2011,Liga,FC Barcelona,Atlético Madrid,Atlético Madrid,78,4,0,,Left foot,Won
Saturday 24 September 2011,Liga,FC Barcelona,Atlético Madrid,Atlético Madrid,26,3,0,,Left foot,Won
Saturday 17 September 2011,Liga,FC Barcelona,Osasuna,Osasuna,79,8,0,,Left foot,Won
Saturday 17 September 2011,Liga,FC Barcelona,Osasuna,Osasuna,41,5,0,,Left foot,Won
Saturday 17 September 2011,Liga,FC Barcelona,Osasuna,Osasuna,5,1,0,,Left foot,Won
Monday 29 August 2011,Liga,FC Barcelona,Villarreal,Villarreal,75,5,0,,Left foot,Won
Saturday 5 February 2011,Liga,FC Barcelona,Atlético Madrid,Atlético Madrid,79,3,0,Rebound,Left foot,Won
Saturday 5 February 2011,Liga,FC Barcelona,Atlético Madrid,Atlético Madrid,28,2,0,,Left foot,Won
Saturday 5 February 2011,Liga,FC Barcelona,Atlético Madrid,Atlético Madrid,17,1,0,,Left foot,Won
Saturday 22 January 2011,Liga,FC Barcelona,Racing Santander,Racing Santander,33,2,0,Penalty,Left foot,Won
Sunday 12 December 2010,Liga,FC Barcelona,Real Sociedad,Real Sociedad,87,4,0,Solo run,Left foot,Won
Sunday 12 December 2010,Liga,FC Barcelona,Real Sociedad,Real Sociedad,47,3,0,,Left foot,Won
Saturday 30 October 2010,Liga,FC Barcelona,Sevilla,Sevilla,64,4,0,Solo run,Left foot,Won
Saturday 30 October 2010,Liga,FC Barcelona,Sevilla,Sevilla,4,1,0,Rebound,Left foot,Won
Sunday 3 October 2010,Liga,FC Barcelona,Real Mallorca,Real Mallorca,21,1,0,,Left foot,Draw
Sunday 16 May 2010,Liga,FC Barcelona,Real Valladolid,Real Valladolid,76,4,0,,Left foot,Won
Saturday 3 April 2010,Liga,FC Barcelona,Athletic de Bilbao,Athletic de Bilbao,67,4,0,,Left foot,Won
Sunday 14 March 2010,Liga,FC Barcelona,Valencia,Valencia,81,2,0,,Left foot,Won
Sunday 14 March 2010,Liga,FC Barcelona,Valencia,Valencia,56,1,0,,Left foot,Won
Saturday 6 February 2010,Liga,FC Barcelona,Getafe,Getafe,7,1,0,,Left foot,Won
Saturday 16 January 2010,Liga,FC Barcelona,Sevilla,Sevilla,90+1,4,0,,Left foot,Won
Saturday 16 January 2010,Liga,FC Barcelona,Sevilla,Sevilla,85,3,0,,Left foot,Won
Saturday 19 September 2009,Liga,FC Barcelona,Atlético Madrid,Atlético Madrid,16,2,0,,Left foot,Won
Saturday 7 March 2009,Liga,FC Barcelona,Athletic de Bilbao,Athletic de Bilbao,32,2,0,Penalty,Left foot,Won
Saturday 24 January 2009,Liga,FC Barcelona,Numancia,Numancia,49,1,0,,Left foot,Won
Saturday 17 January 2009,Liga,FC Barcelona,Deportivo La Coruña,Deportivo La Coruña,21,1,0,,Left foot,Won
Saturday 13 December 2008,Liga,FC Barcelona,Real Madrid,Real Madrid,90+1,2,0,,Left foot,Won
Saturday 4 October 2008,Liga,FC Barcelona,Atlético Madrid,Atlético Madrid,9,3,0,Free kick,Left foot,Won
Saturday 13 September 2008,Liga,FC Barcelona,Racing Santander,Racing Santander,71,1,0,Penalty,Left foot,Draw
Sunday 4 May 2008,Liga,FC Barcelona,Valencia,Valencia,6,1,0,Penalty,Left foot,Won
Saturday 24 November 2007,Liga,FC Barcelona,Recreativo Huelva,Recreativo Huelva,82,3,0,Penalty,Left foot,Won
Sunday 28 October 2007,Liga,FC Barcelona,UD Almería,UD Almería,81,2,0,Penalty,Left foot,Won
Sunday 7 October 2007,Liga,FC Barcelona,Atlético Madrid,Atlético Madrid,19,2,0,,Left foot,Won
Wednesday 26 September 2007,Liga,FC Barcelona,Real Zaragoza,Real Zaragoza,5,1,0,,Left foot,Won
Saturday 22 September 2007,Liga,FC Barcelona,Sevilla,Sevilla,80,2,0,Penalty,Left foot,Won
Saturday 22 September 2007,Liga,FC Barcelona,Sevilla,Sevilla,74,1,0,,Left foot,Won
Saturday 31 March 2007,Liga,FC Barcelona,Deportivo La Coruña,Deportivo La Coruña,45,1,0,,Left foot,Won
Saturday 9 September 2006,Liga,FC Barcelona,Osasuna,Osasuna,37,3,0,,Left foot,Won
Sunday 22 January 2006,Liga,FC Barcelona,Alavés,Alavés,81,2,0,Rebound,Left foot,Won
Sunday 27 November 2005,Liga,FC Barcelona,Racing Santander,Racing Santander,52,2,0,,Left foot,Won
Sunday 1 May 2005,Liga,FC Barcelona,Albacete,Albacete,90,2,0,,Left foot,Won
Saturday 9 March 2019,Liga,FC Barcelona,Rayo Vallecano,Rayo Vallecano,51,2,1,Penalty,Left foot,Won
Saturday 2 February 2019,Liga,FC Barcelona,Valencia,Valencia,64,2,2,Field goal,Left foot,Draw
Saturday 2 February 2019,Liga,FC Barcelona,Valencia,Valencia,39,1,2,Penalty,Left foot,Draw
Sunday 11 November 2018,Liga,FC Barcelona,Real Betis,Real Betis,90+2,3,4,Field goal,Left foot,Lost
Sunday 11 November 2018,Liga,FC Barcelona,Real Betis,Real Betis,68,1,2,Penalty,Left foot,Lost
Sunday 2 September 2018,Liga,FC Barcelona,Huesca,Huesca,61,6,2,Field goal,Left foot,Won
Sunday 6 May 2018,Liga,FC Barcelona,Real Madrid,Real Madrid,52,2,1,Field goal,Left foot,Draw
Saturday 7 April 2018,Liga,FC Barcelona,Leganés,Leganés,87,3,1,Field goal,Left foot,Won
Saturday 24 February 2018,Liga,FC Barcelona,Girona,Girona,36,3,1,Free kick,Left foot,Won
Saturday 24 February 2018,Liga,FC Barcelona,Girona,Girona,30,2,1,Field goal,Left foot,Won
Sunday 28 January 2018,Liga,FC Barcelona,Alavés,Alavés,84,2,1,Free kick,Left foot,Won
Saturday 2 December 2017,Liga,FC Barcelona,Celta de Vigo,Celta de Vigo,22,1,1,Field goal,Left foot,Draw
Tuesday 19 September 2017,Liga,FC Barcelona,Eibar,Eibar,87,6,1,Field goal,Left foot,Won
Tuesday 19 September 2017,Liga,FC Barcelona,Eibar,Eibar,62,5,1,Field goal,Left foot,Won
Tuesday 19 September 2017,Liga,FC Barcelona,Eibar,Eibar,59,4,1,Field goal,Left foot,Won
Sunday 21 May 2017,Liga,FC Barcelona,Eibar,Eibar,76,3,2,Penalty,Left foot,Won
Saturday 6 May 2017,Liga,FC Barcelona,Villarreal,Villarreal,82,4,1,Penalty,Left foot,Won
Saturday 6 May 2017,Liga,FC Barcelona,Villarreal,Villarreal,45,2,1,Field goal,Left foot,Won
Wednesday 26 April 2017,Liga,FC Barcelona,Osasuna,Osasuna,61,4,1,Field goal,Left foot,Won
Sunday 19 March 2017,Liga,FC Barcelona,Valencia,Valencia,45,2,1,Penalty,Left foot,Won
Sunday 19 February 2017,Liga,FC Barcelona,Leganés,Leganés,89,2,1,Penalty,Left foot,Won
Sunday 18 December 2016,Liga,FC Barcelona,Espanyol,Espanyol,90,4,1,Field goal,Left foot,Won
Saturday 20 August 2016,Liga,FC Barcelona,Real Betis,Real Betis,57,5,1,Field goal,Left foot,Won
Saturday 20 August 2016,Liga,FC Barcelona,Real Betis,Real Betis,37,2,1,Field goal,Left foot,Won
Sunday 28 February 2016,Liga,FC Barcelona,Sevilla,Sevilla,31,1,1,Free kick,Left foot,Won
Saturday 30 January 2016,Liga,FC Barcelona,Atlético Madrid,Atlético Madrid,30,1,1,Field goal,Left foot,Won
Sunday 20 September 2015,Liga,FC Barcelona,Levante,Levante,90,4,1,Solo run,Left foot,Won
Sunday 11 January 2015,Liga,FC Barcelona,Atlético Madrid,Atlético Madrid,87,3,1,,Left foot,Won
Sunday 7 December 2014,Liga,FC Barcelona,Espanyol,Espanyol,45,1,1,,Left foot,Won
Saturday 22 November 2014,Liga,FC Barcelona,Sevilla,Sevilla,78,5,1,,Left foot,Won
Sunday 20 April 2014,Liga,FC Barcelona,Athletic de Bilbao,Athletic de Bilbao,74,2,1,Free kick,Left foot,Won
Saturday 1 February 2014,Liga,FC Barcelona,Valencia,Valencia,54,2,2,Penalty,Left foot,Lost
Sunday 5 May 2013,Liga,FC Barcelona,Real Betis,Real Betis,71,4,2,,Left foot,Won
Sunday 5 May 2013,Liga,FC Barcelona,Real Betis,Real Betis,60,3,2,Free kick,Left foot,Won
Saturday 23 February 2013,Liga,FC Barcelona,Sevilla,Sevilla,60,2,1,,Left foot,Won
Sunday 27 January 2013,Liga,FC Barcelona,Osasuna,Osasuna,58,5,1,,Left foot,Won
Sunday 27 January 2013,Liga,FC Barcelona,Osasuna,Osasuna,56,4,1,,Left foot,Won
Sunday 27 January 2013,Liga,FC Barcelona,Osasuna,Osasuna,28,2,1,Penalty,Left foot,Won
Sunday 16 December 2012,Liga,FC Barcelona,Atlético Madrid,Atlético Madrid,88,4,1,,Left foot,Won
Sunday 16 December 2012,Liga,FC Barcelona,Atlético Madrid,Atlético Madrid,57,3,1,,Left foot,Won
Saturday 17 November 2012,Liga,FC Barcelona,Real Zaragoza,Real Zaragoza,60,3,1,,Left foot,Won
Sunday 7 October 2012,Liga,FC Barcelona,Real Madrid,Real Madrid,61,2,1,Free kick,Left foot,Draw
Sunday 7 October 2012,Liga,FC Barcelona,Real Madrid,Real Madrid,31,1,1,,Left foot,Draw
Sunday 19 August 2012,Liga,FC Barcelona,Real Sociedad,Real Sociedad,16,3,1,,Left foot,Won
Sunday 19 August 2012,Liga,FC Barcelona,Real Sociedad,Real Sociedad,11,2,1,,Left foot,Won
Wednesday 2 May 2012,Liga,FC Barcelona,Málaga,Málaga,64,4,1,,Left foot,Won
Wednesday 2 May 2012,Liga,FC Barcelona,Málaga,Málaga,59,3,1,Penalty,Left foot,Won
Wednesday 2 May 2012,Liga,FC Barcelona,Málaga,Málaga,35,2,1,Penalty,Left foot,Won
Tuesday 20 March 2012,Liga,FC Barcelona,Granada,Granada,86,5,2,Field goal,Left foot,Won
Tuesday 20 March 2012,Liga,FC Barcelona,Granada,Granada,67,3,2,Field goal,Left foot,Won
Sunday 19 February 2012,Liga,FC Barcelona,Valencia,Valencia,85,4,1,,Left foot,Won
Sunday 19 February 2012,Liga,FC Barcelona,Valencia,Valencia,76,3,1,Rebound,Left foot,Won
Sunday 19 February 2012,Liga,FC Barcelona,Valencia,Valencia,27,2,1,Rebound,Left foot,Won
Sunday 19 February 2012,Liga,FC Barcelona,Valencia,Valencia,22,1,1,,Left foot,Won
Sunday 15 January 2012,Liga,FC Barcelona,Real Betis,Real Betis,86,4,2,Penalty,Left foot,Won
Saturday 9 April 2011,Liga,FC Barcelona,UD Almería,UD Almería,90+2,3,1,,Left foot,Won
Saturday 9 April 2011,Liga,FC Barcelona,UD Almería,UD Almería,53,1,1,Penalty,Left foot,Won
Saturday 13 November 2010,Liga,FC Barcelona,Villarreal,Villarreal,83,3,1,,Left foot,Won
Saturday 7 November 2009,Liga,FC Barcelona,Real Mallorca,Real Mallorca,87,4,1,Penalty,Left foot,Won
Sunday 25 October 2009,Liga,FC Barcelona,Real Zaragoza,Real Zaragoza,80,5,1,Field goal,Left foot,Won
Sunday 24 February 2008,Liga,FC Barcelona,Levante,Levante,44,2,1,,Left foot,Won
Wednesday 26 September 2007,Liga,FC Barcelona,Real Zaragoza,Real Zaragoza,11,2,1,,Left foot,Won
Saturday 10 March 2007,Liga,FC Barcelona,Real Madrid,Real Madrid,90,3,3,,Left foot,Draw
Saturday 10 March 2007,Liga,FC Barcelona,Real Madrid,Real Madrid,28,2,2,Rebound,Left foot,Draw
Saturday 10 March 2007,Liga,FC Barcelona,Real Madrid,Real Madrid,11,1,1,,Left foot,Draw
Saturday 18 February 2006,Liga,FC Barcelona,Real Betis,Real Betis,85,5,1,Rebound,Left foot,Won
Sunday 15 January 2006,Liga,FC Barcelona,Athletic de Bilbao,Athletic de Bilbao,51,2,1,Rebound,Left foot,Won
Sunday 20 January 2019,Liga,FC Barcelona,Leganés,Leganés,90+2,3,1,Field goal,Right foot,Won
Sunday 2 September 2018,Liga,FC Barcelona,Huesca,Huesca,16,1,1,Field goal,Right foot,Won
Saturday 9 September 2017,Liga,FC Barcelona,Espanyol,Espanyol,35,2,0,Field goal,Right foot,Won
Sunday 21 May 2017,Liga,FC Barcelona,Eibar,Eibar,90+2,4,2,Solo run,Right foot,Won
Wednesday 5 April 2017,Liga,FC Barcelona,Sevilla,Sevilla,28,2,0,Field goal,Right foot,Won
Sunday 19 March 2017,Liga,FC Barcelona,Valencia,Valencia,53,3,2,Field goal,Right foot,Won
Wednesday 1 March 2017,Liga,FC Barcelona,Sporting Gijón,Sporting Gijón,9,1,0,Field goal,Head,Won
Sunday 19 February 2017,Liga,FC Barcelona,Leganés,Leganés,4,1,0,Field goal,Right foot,Won
Saturday 14 January 2017,Liga,FC Barcelona,Las Palmas,Las Palmas,52,2,0,Rebound,Right foot,Won
Saturday 23 April 2016,Liga,FC Barcelona,Sporting Gijón,Sporting Gijón,12,1,0,Rebound,Head,Won
Sunday 17 April 2016,Liga,FC Barcelona,Valencia,Valencia,63,1,2,Field goal,Right foot,Lost
Wednesday 30 December 2015,Liga,FC Barcelona,Real Betis,Real Betis,33,2,0,Field goal,Right foot,Won
Saturday 23 May 2015,Liga,FC Barcelona,Deportivo La Coruña,Deportivo La Coruña,59,2,0,,Right foot,Draw
Saturday 23 May 2015,Liga,FC Barcelona,Deportivo La Coruña,Deportivo La Coruña,5,1,0,,Head,Draw
Sunday 15 February 2015,Liga,FC Barcelona,Levante,Levante,59,3,0,,Right foot,Won
Sunday 15 February 2015,Liga,FC Barcelona,Levante,Levante,38,2,0,,Right foot,Won
Sunday 1 February 2015,Liga,FC Barcelona,Villarreal,Villarreal,55,3,2,,Right foot,Won
Saturday 20 December 2014,Liga,FC Barcelona,Córdoba,Córdoba,90+1,5,0,,Right foot,Won
Saturday 20 December 2014,Liga,FC Barcelona,Córdoba,Córdoba,82,4,0,,Right foot,Won
Sunday 7 December 2014,Liga,FC Barcelona,Espanyol,Espanyol,81,5,1,,Right foot,Won
Sunday 7 December 2014,Liga,FC Barcelona,Espanyol,Espanyol,50,2,1,,Right foot,Won
Saturday 22 November 2014,Liga,FC Barcelona,Sevilla,Sevilla,72,4,1,,Right foot,Won
Saturday 27 September 2014,Liga,FC Barcelona,Granada,Granada,82,6,0,,Right foot,Won
Saturday 27 September 2014,Liga,FC Barcelona,Granada,Granada,62,4,0,,Head,Won
Saturday 5 April 2014,Liga,FC Barcelona,Real Betis,Real Betis,86,3,1,Rebound,Right foot,Won
Wednesday 26 March 2014,Liga,FC Barcelona,Celta de Vigo,Celta de Vigo,30,2,0,,Right foot,Won
Sunday 16 March 2014,Liga,FC Barcelona,Osasuna,Osasuna,88,6,0,,Right foot,Won
Tuesday 24 September 2013,Liga,FC Barcelona,Real Sociedad,Real Sociedad,8,2,0,,Head,Won
Sunday 27 January 2013,Liga,FC Barcelona,Osasuna,Osasuna,11,1,0,,Right foot,Won
Saturday 1 December 2012,Liga,FC Barcelona,Athletic de Bilbao,Athletic de Bilbao,70,5,1,,Right foot,Won
Saturday 19 November 2011,Liga,FC Barcelona,Real Zaragoza,Real Zaragoza,43,2,0,,Right foot,Won
Saturday 29 October 2011,Liga,FC Barcelona,Real Mallorca,Real Mallorca,21,2,0,,Right foot,Won
Saturday 15 October 2011,Liga,FC Barcelona,Racing Santander,Racing Santander,68,3,0,,Right foot,Won
Saturday 15 October 2011,Liga,FC Barcelona,Racing Santander,Racing Santander,11,1,0,,Right foot,Won
Monday 29 August 2011,Liga,FC Barcelona,Villarreal,Villarreal,52,4,0,,Right foot,Won
Saturday 23 April 2011,Liga,FC Barcelona,Osasuna,Osasuna,87,2,0,,Right foot,Won
Sunday 20 February 2011,Liga,FC Barcelona,Athletic de Bilbao,Athletic de Bilbao,78,2,1,,Right foot,Won
Saturday 13 November 2010,Liga,FC Barcelona,Villarreal,Villarreal,58,2,1,,Right foot,Won
Sunday 16 May 2010,Liga,FC Barcelona,Real Valladolid,Real Valladolid,62,3,0,,Right foot,Won
Tuesday 4 May 2010,Liga,FC Barcelona,Tenerife,Tenerife,90+3,4,1,,Right foot,Won
Tuesday 4 May 2010,Liga,FC Barcelona,Tenerife,Tenerife,17,1,0,,Right foot,Won
Sunday 14 March 2010,Liga,FC Barcelona,Valencia,Valencia,83,3,0,,Right foot,Won
Saturday 27 February 2010,Liga,FC Barcelona,Málaga,Málaga,84,2,1,Field goal,Right foot,Won
Saturday 19 September 2009,Liga,FC Barcelona,Atlético Madrid,Atlético Madrid,90+4,5,2,,Right foot,Won
Sunday 22 March 2009,Liga,FC Barcelona,Málaga,Málaga,25,2,0,,Right foot,Won
Saturday 24 January 2009,Liga,FC Barcelona,Numancia,Numancia,76,4,1,Rebound,Right foot,Won
Saturday 9 June 2007,Liga,FC Barcelona,Espanyol,Espanyol,57,2,1,,Right foot,Draw
Saturday 9 June 2007,Liga,FC Barcelona,Espanyol,Espanyol,43,1,1,,Hand,Draw
Sunday 15 October 2006,Liga,FC Barcelona,Sevilla,Sevilla,81,3,1,,Right foot,Won
Tuesday 18 September 2018,Champions League,FC Barcelona,PSV Eindhoven,PSV Eindhoven,87,4,0,Field goal,Right foot,Won
Wednesday 14 March 2018,Champions League,FC Barcelona,Chelsea,Chelsea,3,1,0,Field goal,Right foot,Won
Wednesday 17 August 2016,,FC Barcelona,Sevilla,Sevilla,55,3,0,Field goal,Head,Won
Wednesday 6 May 2015,Champions League,FC Barcelona,Bayern München,Bayern München,80,2,0,,Right foot,Won
Wednesday 10 December 2014,Champions League,FC Barcelona,Paris Saint-Germain,Paris Saint-Germain,19,1,1,,Right foot,Won
Wednesday 19 September 2012,Champions League,FC Barcelona,Spartak Moscow,Spartak Moscow,80,3,2,,Head,Won
Wednesday 7 March 2012,Champions League,FC Barcelona,Bayer Leverkusen,Bayer Leverkusen,49,3,0,,Right foot,Won
Wednesday 4 January 2012,,FC Barcelona,Osasuna,Osasuna,73,3,0,,Head,Won
Wednesday 17 August 2011,,FC Barcelona,Real Madrid,Real Madrid,45,2,1,Field goal,Right foot,Won
Saturday 21 August 2010,,FC Barcelona,Sevilla,Sevilla,43,3,0,,Right foot,Won
Tuesday 6 April 2010,Champions League,FC Barcelona,Arsenal,Arsenal,37,2,1,,Right foot,Won
Sunday 23 August 2009,,FC Barcelona,Athletic de Bilbao,Athletic de Bilbao,50,1,0,,Right foot,Won
Wednesday 27 May 2009,Champions League,FC Barcelona,Manchester United,Manchester United,70,2,0,,Head,Won
Wednesday 8 April 2009,Champions League,FC Barcelona,Bayern München,Bayern München,38,3,0,,Right foot,Won
Wednesday 18 April 2007,,FC Barcelona,Getafe,Getafe,29,2,0,Solo run,Right foot,Won
Wednesday 1 February 2006,,FC Barcelona,Real Zaragoza,Real Zaragoza,42,1,0,Field goal,Head,Won
Wednesday 30 January 2019,,FC Barcelona,Sevilla,Sevilla,90+2,6,1,Field goal,Left foot,Won
Thursday 17 January 2019,,FC Barcelona,Levante,Levante,54,3,0,Field goal,Left foot,Won
Tuesday 18 September 2018,Champions League,FC Barcelona,PSV Eindhoven,PSV Eindhoven,77,3,0,Field goal,Left foot,Won
Tuesday 18 September 2018,Champions League,FC Barcelona,PSV Eindhoven,PSV Eindhoven,32,1,0,Free kick,Left foot,Won
Wednesday 14 March 2018,Champions League,FC Barcelona,Chelsea,Chelsea,63,3,0,Field goal,Left foot,Won
Thursday 25 January 2018,,FC Barcelona,Espanyol,Espanyol,25,2,0,Field goal,Left foot,Won
Thursday 11 January 2018,,FC Barcelona,Celta de Vigo,Celta de Vigo,15,2,0,Field goal,Left foot,Won
Thursday 11 January 2018,,FC Barcelona,Celta de Vigo,Celta de Vigo,13,1,0,Field goal,Left foot,Won
Wednesday 18 October 2017,Champions League,FC Barcelona,Olympiacos,Olympiacos,61,2,0,Free kick,Left foot,Won
Tuesday 12 September 2017,Champions League,FC Barcelona,Juventus,Juventus,69,3,0,Field goal,Left foot,Won
Tuesday 12 September 2017,Champions League,FC Barcelona,Juventus,Juventus,45,1,0,Field goal,Left foot,Won
Sunday 13 August 2017,,FC Barcelona,Real Madrid,Real Madrid,76,1,1,Penalty,Left foot,Lost
Saturday 27 May 2017,,FC Barcelona,Alavés,Alavés,30,1,0,Field goal,Left foot,Won
Wednesday 8 March 2017,Champions League,FC Barcelona,Paris Saint-Germain,Paris Saint-Germain,50,3,0,Penalty,Left foot,Won
Thursday 26 January 2017,,FC Barcelona,Real Sociedad,Real Sociedad,55,2,0,Penalty,Left foot,Won
Wednesday 11 January 2017,,FC Barcelona,Athletic de Bilbao,Athletic de Bilbao,78,3,1,Free kick,Left foot,Won
Tuesday 6 December 2016,Champions League,FC Barcelona,Borussia Mönchengladbach,Borussia Mönchengladbach,16,1,0,Field goal,Left foot,Won
Wednesday 19 October 2016,Champions League,FC Barcelona,Manchester City,Manchester City,69,3,0,Field goal,Left foot,Won
Wednesday 19 October 2016,Champions League,FC Barcelona,Manchester City,Manchester City,61,2,0,Field goal,Left foot,Won
Wednesday 19 October 2016,Champions League,FC Barcelona,Manchester City,Manchester City,17,1,0,Field goal,Left foot,Won
Tuesday 13 September 2016,Champions League,FC Barcelona,Celtic,Celtic,60,5,0,Field goal,Left foot,Won
Tuesday 13 September 2016,Champions League,FC Barcelona,Celtic,Celtic,27,2,0,Field goal,Left foot,Won
Tuesday 13 September 2016,Champions League,FC Barcelona,Celtic,Celtic,3,1,0,Field goal,Left foot,Won
Wednesday 16 March 2016,Champions League,FC Barcelona,Arsenal,Arsenal,88,3,1,Field goal,Left foot,Won
Wednesday 3 February 2016,,FC Barcelona,Valencia,Valencia,74,5,0,Field goal,Left foot,Won
Wednesday 3 February 2016,,FC Barcelona,Valencia,Valencia,58,4,0,Field goal,Left foot,Won
Wednesday 3 February 2016,,FC Barcelona,Valencia,Valencia,29,3,0,Field goal,Left foot,Won
Wednesday 6 January 2016,,FC Barcelona,Espanyol,Espanyol,44,2,1,Free kick,Left foot,Won
Wednesday 6 January 2016,,FC Barcelona,Espanyol,Espanyol,13,1,1,Field goal,Left foot,Won
Tuesday 24 November 2015,Champions League,FC Barcelona,AS Roma,AS Roma,59,5,0,Rebound,Left foot,Won
Tuesday 24 November 2015,Champions League,FC Barcelona,AS Roma,AS Roma,18,2,0,Field goal,Left foot,Won
Monday 17 August 2015,,FC Barcelona,Athletic de Bilbao,Athletic de Bilbao,43,1,0,Field goal,Left foot,Draw
Tuesday 11 August 2015,,FC Barcelona,Sevilla,Sevilla,15,2,1,Free kick,Left foot,Won
Tuesday 11 August 2015,,FC Barcelona,Sevilla,Sevilla,7,1,1,Free kick,Left foot,Won
Wednesday 6 May 2015,Champions League,FC Barcelona,Bayern München,Bayern München,77,1,0,,Left foot,Won
Wednesday 11 February 2015,,FC Barcelona,Villarreal,Villarreal,41,1,0,,Left foot,Won
Wednesday 21 January 2015,,FC Barcelona,Atlético Madrid,Atlético Madrid,85,1,0,Rebound,Left foot,Won
Thursday 8 January 2015,,FC Barcelona,Elche,Elche,45,3,0,Penalty,Left foot,Won
Tuesday 21 October 2014,Champions League,FC Barcelona,Ajax,Ajax,24,2,0,,Left foot,Won
Wednesday 12 March 2014,Champions League,FC Barcelona,Manchester City,Manchester City,67,1,0,,Left foot,Won
Wednesday 8 January 2014,,FC Barcelona,Getafe,Getafe,90+3,4,0,,Left foot,Won
Wednesday 8 January 2014,,FC Barcelona,Getafe,Getafe,90,3,0,,Left foot,Won
Wednesday 6 November 2013,Champions League,FC Barcelona,AC Milan,AC Milan,83,3,1,,Left foot,Won
Wednesday 6 November 2013,Champions League,FC Barcelona,AC Milan,AC Milan,30,1,0,Penalty,Left foot,Won
Wednesday 18 September 2013,Champions League,FC Barcelona,Ajax,Ajax,75,4,0,,Left foot,Won
Wednesday 18 September 2013,Champions League,FC Barcelona,Ajax,Ajax,55,2,0,,Left foot,Won
Wednesday 18 September 2013,Champions League,FC Barcelona,Ajax,Ajax,22,1,0,Free kick,Left foot,Won
Tuesday 12 March 2013,Champions League,FC Barcelona,AC Milan,AC Milan,39,2,0,,Left foot,Won
Tuesday 12 March 2013,Champions League,FC Barcelona,AC Milan,AC Milan,5,1,0,,Left foot,Won
Wednesday 16 January 2013,,FC Barcelona,Málaga,Málaga,29,1,1,,Left foot,Draw
Wednesday 19 September 2012,Champions League,FC Barcelona,Spartak Moscow,Spartak Moscow,71,2,2,,Left foot,Won
Thursday 23 August 2012,,FC Barcelona,Real Madrid,Real Madrid,70,2,1,Penalty,Left foot,Won
Tuesday 3 April 2012,Champions League,FC Barcelona,AC Milan,AC Milan,41,2,1,Penalty,Left foot,Won
Tuesday 3 April 2012,Champions League,FC Barcelona,AC Milan,AC Milan,11,1,0,Penalty,Left foot,Won
Wednesday 7 March 2012,Champions League,FC Barcelona,Bayer Leverkusen,Bayer Leverkusen,84,7,0,,Left foot,Won
Wednesday 7 March 2012,Champions League,FC Barcelona,Bayer Leverkusen,Bayer Leverkusen,58,5,0,Rebound,Left foot,Won
Wednesday 7 March 2012,Champions League,FC Barcelona,Bayer Leverkusen,Bayer Leverkusen,42,2,0,,Left foot,Won
Wednesday 7 March 2012,Champions League,FC Barcelona,Bayer Leverkusen,Bayer Leverkusen,25,1,0,,Left foot,Won
Wednesday 4 January 2012,,FC Barcelona,Osasuna,Osasuna,90+2,4,0,,Left foot,Won
Friday 26 August 2011,,FC Barcelona,FC Porto,FC Porto,39,1,0,,Left foot,Won
Wednesday 17 August 2011,,FC Barcelona,Real Madrid,Real Madrid,87,3,2,Field goal,Left foot,Won
Saturday 28 May 2011,Champions League,FC Barcelona,Manchester United,Manchester United,54,2,1,,Left foot,Won
Tuesday 8 March 2011,Champions League,FC Barcelona,Arsenal,Arsenal,71,3,1,Penalty,Left foot,Won
Tuesday 8 March 2011,Champions League,FC Barcelona,Arsenal,Arsenal,45+3,1,0,Field goal,Left foot,Won
Wednesday 26 January 2011,,FC Barcelona,UD Almería,UD Almería,16,3,0,,Left foot,Won
Wednesday 26 January 2011,,FC Barcelona,UD Almería,UD Almería,9,1,0,,Left foot,Won
Wednesday 12 January 2011,,FC Barcelona,Real Betis,Real Betis,73,3,0,,Left foot,Won
Wednesday 12 January 2011,,FC Barcelona,Real Betis,Real Betis,62,2,0,Rebound,Left foot,Won
Wednesday 12 January 2011,,FC Barcelona,Real Betis,Real Betis,44,1,0,,Left foot,Won
Wednesday 10 November 2010,,FC Barcelona,AD Ceuta,AD Ceuta,68,5,1,,Left foot,Won
Wednesday 20 October 2010,Champions League,FC Barcelona,FC Copenhagen,FC Copenhagen,90+2,2,0,,Left foot,Won
Wednesday 20 October 2010,Champions League,FC Barcelona,FC Copenhagen,FC Copenhagen,19,1,0,,Left foot,Won
Tuesday 14 September 2010,Champions League,FC Barcelona,Panathinaikos,Panathinaikos,45,3,1,,Left foot,Won
Tuesday 14 September 2010,Champions League,FC Barcelona,Panathinaikos,Panathinaikos,22,1,1,,Left foot,Won
Saturday 21 August 2010,,FC Barcelona,Sevilla,Sevilla,90,4,0,,Left foot,Won
Saturday 21 August 2010,,FC Barcelona,Sevilla,Sevilla,24,2,0,,Left foot,Won
Tuesday 6 April 2010,Champions League,FC Barcelona,Arsenal,Arsenal,88,4,1,Rebound,Left foot,Won
Tuesday 6 April 2010,Champions League,FC Barcelona,Arsenal,Arsenal,42,3,1,,Left foot,Won
Tuesday 6 April 2010,Champions League,FC Barcelona,Arsenal,Arsenal,21,1,1,,Left foot,Won
Wednesday 17 March 2010,Champions League,FC Barcelona,VfB Stuttgart,VfB Stuttgart,60,3,0,,Left foot,Won
Wednesday 17 March 2010,Champions League,FC Barcelona,VfB Stuttgart,VfB Stuttgart,13,1,0,Solo run,Left foot,Won
Tuesday 10 November 2009,,FC Barcelona,Cultural Leonesa,Cultural Leonesa,64,4,0,,Left foot,Won
Tuesday 29 September 2009,Champions League,FC Barcelona,Dynamo Kyiv,Dynamo Kyiv,26,1,0,,Left foot,Won
Sunday 23 August 2009,,FC Barcelona,Athletic de Bilbao,Athletic de Bilbao,68,2,0,Penalty,Left foot,Won
Wednesday 8 April 2009,Champions League,FC Barcelona,Bayern München,Bayern München,9,1,0,,Left foot,Won
Wednesday 11 March 2009,Champions League,FC Barcelona,Olympique Lyon,Olympique Lyon,40,3,0,,Left foot,Won
Wednesday 12 November 2008,,FC Barcelona,Benidorm,Benidorm,87,1,0,Rebound,Left foot,Won
Tuesday 4 November 2008,Champions League,FC Barcelona,FC Basel,FC Basel,62,1,0,,Left foot,Draw
Wednesday 7 November 2007,Champions League,FC Barcelona,Glasgow Rangers,Glasgow Rangers,43,2,0,Rebound,Left foot,Won
Wednesday 19 September 2007,Champions League,FC Barcelona,Olympique Lyon,Olympique Lyon,83,2,0,,Left foot,Won
Wednesday 18 April 2007,,FC Barcelona,Getafe,Getafe,45,3,0,,Left foot,Won
Wednesday 2 November 2005,Champions League,FC Barcelona,Panathinaikos,Panathinaikos,34,3,0,,Left foot,Won
Tuesday 26 June 2018,World Cup,Nigeria,Nigeria,Argentina,14,0,1,Field goal,Right foot,Won
Tuesday 29 May 2018,,Argentina,Haiti,Haiti,66,3,0,Field goal,Left foot,Won
Tuesday 29 May 2018,,Argentina,Haiti,Haiti,58,2,0,Rebound,Right foot,Won
Tuesday 29 May 2018,,Argentina,Haiti,Haiti,17,1,0,Penalty,Left foot,Won
Tuesday 10 October 2017,,Ecuador,Ecuador,Argentina,63,1,3,Field goal,Left foot,Won
Tuesday 10 October 2017,,Ecuador,Ecuador,Argentina,20,1,2,Field goal,Left foot,Won
Tuesday 10 October 2017,,Ecuador,Ecuador,Argentina,12,1,1,Field goal,Left foot,Won
Thursday 23 March 2017,,Argentina,Chile,Chile,16,1,0,Penalty,Left foot,Won
Tuesday 15 November 2016,,Argentina,Colombia,Colombia,10,1,0,Free kick,Left foot,Won
Thursday 1 September 2016,,Argentina,Uruguay,Uruguay,43,1,0,Field goal,Left foot,Won
Tuesday 21 June 2016,Copa America,United States,United States,Argentina,32,0,2,Free kick,Left foot,Won
Saturday 18 June 2016,Copa America,Argentina,Venezuela,Venezuela,60,3,0,Field goal,Left foot,Won
Friday 10 June 2016,Copa America,Argentina,Panama,Panama,87,4,0,Field goal,Left foot,Won
Friday 10 June 2016,Copa America,Argentina,Panama,Panama,78,3,0,Free kick,Left foot,Won
Friday 10 June 2016,Copa America,Argentina,Panama,Panama,68,2,0,Field goal,Left foot,Won
Tuesday 29 March 2016,,Argentina,Bolivia,Bolivia,30,2,0,Penalty,Left foot,Won
Tuesday 8 September 2015,,Argentina,Mexico,Mexico,88,2,2,Field goal,Left foot,Draw
Friday 4 September 2015,,Argentina,Bolivia,Bolivia,74,6,0,Field goal,Left foot,Won
Friday 4 September 2015,,Argentina,Bolivia,Bolivia,66,5,0,Field goal,Head,Won
Saturday 13 June 2015,Copa America,Argentina,Paraguay,Paraguay,35,2,0,Penalty,Left foot,Draw
Wednesday 12 November 2014,,Argentina,Croatia,Croatia,57,2,1,Penalty,Left foot,Won
Tuesday 14 October 2014,,Hong Kong,Hong Kong,Argentina,84,0,7,Solo run,Left foot,Won
Tuesday 14 October 2014,,Hong Kong,Hong Kong,Argentina,66,0,5,,Left foot,Won
Wednesday 25 June 2014,World Cup,Nigeria,Nigeria,Argentina,45+1,1,2,Free kick,Left foot,Won
Wednesday 25 June 2014,World Cup,Nigeria,Nigeria,Argentina,3,0,1,Rebound,Left foot,Won
Saturday 21 June 2014,World Cup,Argentina,Iran,Iran,90+1,1,0,,Left foot,Won
Monday 16 June 2014,World Cup,Argentina,Bosnia-Herzegovina,Bosnia-Herzegovina,65,2,0,Solo run,Left foot,Won
Saturday 7 June 2014,,Argentina,Slovenia,Slovenia,75,2,0,Field goal,Left foot,Won
Wednesday 11 September 2013,,Paraguay,Paraguay,Argentina,52,1,4,Penalty,Left foot,Won
Wednesday 11 September 2013,,Paraguay,Paraguay,Argentina,12,0,1,Penalty,Left foot,Won
Saturday 15 June 2013,,Guatemala,Guatemala,Argentina,49,0,4,Field goal,Left foot,Won
Saturday 15 June 2013,,Guatemala,Guatemala,Argentina,40,0,3,Penalty,Left foot,Won
Saturday 15 June 2013,,Guatemala,Guatemala,Argentina,15,0,1,Field goal,Left foot,Won
Saturday 23 March 2013,,Argentina,Venezuela,Venezuela,44,2,0,Penalty,Left foot,Won
Wednesday 17 October 2012,,Chile,Chile,Argentina,28,0,1,,Left foot,Won
Saturday 13 October 2012,,Argentina,Uruguay,Uruguay,80,3,0,Free kick,Left foot,Won
Saturday 13 October 2012,,Argentina,Uruguay,Uruguay,65,1,0,,Right foot,Won
Saturday 8 September 2012,,Argentina,Paraguay,Paraguay,63,3,1,Free kick,Left foot,Won
Wednesday 15 August 2012,,Germany,Germany,Argentina,52,0,2,,Left foot,Won
Saturday 9 June 2012,,Argentina,Brazil,Brazil,85,4,3,Solo run,Left foot,Won
Saturday 9 June 2012,,Argentina,Brazil,Brazil,35,2,1,,Left foot,Won
Saturday 9 June 2012,,Argentina,Brazil,Brazil,31,1,1,,Left foot,Won
Sunday 3 June 2012,,Argentina,Ecuador,Ecuador,31,3,0,Field goal,Left foot,Won
Wednesday 29 February 2012,,Switzerland,Switzerland,Argentina,90+3,1,3,Penalty,Left foot,Won
Wednesday 29 February 2012,,Switzerland,Switzerland,Argentina,88,1,2,,Left foot,Won
Wednesday 29 February 2012,,Switzerland,Switzerland,Argentina,20,0,1,,Left foot,Won
Tuesday 15 November 2011,,Colombia,Colombia,Argentina,60,1,1,Rebound,Left foot,Won
Saturday 8 October 2011,,Argentina,Chile,Chile,26,2,0,Field goal,Left foot,Won
Monday 20 June 2011,,Argentina,Albania,Albania,42,2,0,Field goal,Left foot,Won
Wednesday 9 February 2011,,Argentina,Portugal,Portugal,90,2,1,Penalty,Left foot,Won
Wednesday 17 November 2010,,Argentina,Brazil,Brazil,90+2,1,0,Solo run,Left foot,Won
Tuesday 7 September 2010,,Argentina,Spain,Spain,10,1,0,Field goal,Left foot,Won
Saturday 14 November 2009,,Spain,Spain,Argentina,61,1,1,Penalty,Left foot,Lost
Saturday 28 March 2009,,Argentina,Venezuela,Venezuela,26,1,0,,Left foot,Won
Wednesday 11 February 2009,,France,France,Argentina,83,0,2,Solo run,Left foot,Won
Saturday 11 October 2008,,Argentina,Uruguay,Uruguay,6,1,0,,Head,Won
Thursday 5 June 2008,,Mexico,Mexico,Argentina,18,0,2,,Left foot,Won
Wednesday 21 November 2007,,Colombia,Colombia,Argentina,36,0,1,Solo run,Left foot,Lost
Wednesday 17 October 2007,,Venezuela,Venezuela,Argentina,43,0,2,,Left foot,Won
Thursday 12 July 2007,Copa America,Mexico,Mexico,Argentina,61,0,2,,Left foot,Won
Monday 9 July 2007,Copa America,Argentina,Peru,Peru,61,2,0,,Left foot,Won
Tuesday 5 June 2007,,Argentina,Algeria,Algeria,73,4,2,,Left foot,Won
Tuesday 5 June 2007,,Argentina,Algeria,Algeria,54,2,2,Penalty,Left foot,Won
Friday 16 June 2006,World Cup,Argentina,Serbia and Montenegro,Serbia and Montenegro,88,6,0,,Right foot,Won
Wednesday 1 March 2006,,Croatia,Croatia,Argentina,6,1,2,,Left foot,Lost
Wednesday 28 November 2018,Champions League,PSV Eindhoven,PSV Eindhoven,FC Barcelona,61,0,1,Field goal,Left foot,Won
Wednesday 3 October 2018,Champions League,Tottenham Hotspur F.C.,Tottenham Hotspur F.C.,FC Barcelona,90,2,4,Field goal,Left foot,Won
Wednesday 3 October 2018,Champions League,Tottenham Hotspur F.C.,Tottenham Hotspur F.C.,FC Barcelona,56,1,3,Field goal,Left foot,Won
Saturday 21 April 2018,,Sevilla,Sevilla,FC Barcelona,31,0,2,Field goal,Left foot,Won
Tuesday 20 February 2018,Champions League,Chelsea,Chelsea,FC Barcelona,75,1,1,Field goal,Left foot,Draw
Wednesday 1 February 2017,,Atlético Madrid,Atlético Madrid,FC Barcelona,33,0,2,Field goal,Left foot,Won
Thursday 5 January 2017,,Athletic de Bilbao,Athletic de Bilbao,FC Barcelona,52,2,1,Free kick,Left foot,Lost
Wednesday 23 November 2016,Champions League,Celtic,Celtic,FC Barcelona,55,0,2,Penalty,Left foot,Won
Wednesday 23 November 2016,Champions League,Celtic,Celtic,FC Barcelona,24,0,1,Field goal,Left foot,Won
Tuesday 1 November 2016,Champions League,Manchester City,Manchester City,FC Barcelona,21,0,1,Field goal,Left foot,Lost
Tuesday 23 February 2016,Champions League,Arsenal,Arsenal,FC Barcelona,83,0,2,Penalty,Left foot,Won
Tuesday 23 February 2016,Champions League,Arsenal,Arsenal,FC Barcelona,71,0,1,Field goal,Left foot,Won
Sunday 20 December 2015,,CA River Plate,CA River Plate,FC Barcelona,36,0,1,Field goal,Left foot,Won
Wednesday 9 December 2015,Champions League,Bayer Leverkusen,Bayer Leverkusen,FC Barcelona,20,0,1,Field goal,Right foot,Draw
Saturday 30 May 2015,,Athletic de Bilbao,Athletic de Bilbao,FC Barcelona,74,0,3,,Left foot,Won
Saturday 30 May 2015,,Athletic de Bilbao,Athletic de Bilbao,FC Barcelona,20,0,1,Solo run,Left foot,Won
Tuesday 25 November 2014,Champions League,APOEL FC,APOEL FC,FC Barcelona,87,0,4,,Right foot,Won
Tuesday 25 November 2014,Champions League,APOEL FC,APOEL FC,FC Barcelona,58,0,3,,Right foot,Won
Tuesday 25 November 2014,Champions League,APOEL FC,APOEL FC,FC Barcelona,38,0,2,,Right foot,Won
Wednesday 5 November 2014,Champions League,Ajax,Ajax,FC Barcelona,76,0,2,,Left foot,Won
Wednesday 5 November 2014,Champions League,Ajax,Ajax,FC Barcelona,36,0,1,,Head,Won
Tuesday 30 September 2014,Champions League,Paris Saint-Germain,Paris Saint-Germain,FC Barcelona,11,1,1,,Left foot,Lost
Tuesday 18 February 2014,Champions League,Manchester City,Manchester City,FC Barcelona,54,0,1,Penalty,Left foot,Won
Wednesday 12 February 2014,,Real Sociedad,Real Sociedad,FC Barcelona,27,0,1,Solo run,Left foot,Draw
Thursday 16 January 2014,,Getafe,Getafe,FC Barcelona,63,0,2,Field goal,Left foot,Won
Thursday 16 January 2014,,Getafe,Getafe,FC Barcelona,44,0,1,Field goal,Hip,Won
Tuesday 22 October 2013,Champions League,AC Milan,AC Milan,FC Barcelona,23,1,1,,Left foot,Draw
Tuesday 2 April 2013,Champions League,Paris Saint-Germain,Paris Saint-Germain,FC Barcelona,38,0,1,,Left foot,Draw
Thursday 24 January 2013,,Málaga,Málaga,FC Barcelona,80,2,4,,Head,Won
Wednesday 12 December 2012,,Córdoba,Córdoba,FC Barcelona,74,0,2,,Left foot,Won
Wednesday 12 December 2012,,Córdoba,Córdoba,FC Barcelona,11,0,1,,Left foot,Won
Tuesday 20 November 2012,Champions League,Spartak Moscow,Spartak Moscow,FC Barcelona,39,0,3,,Left foot,Won
Tuesday 20 November 2012,Champions League,Spartak Moscow,Spartak Moscow,FC Barcelona,27,0,2,Rebound,Right foot,Won
Wednesday 7 November 2012,Champions League,Celtic,Celtic,FC Barcelona,90+1,2,1,Rebound,Left foot,Lost
Wednesday 29 August 2012,,Real Madrid,Real Madrid,FC Barcelona,45,2,1,Free kick,Left foot,Lost
Friday 25 May 2012,,Athletic de Bilbao,Athletic de Bilbao,FC Barcelona,20,0,2,,Right foot,Won
Tuesday 14 February 2012,Champions League,Bayer Leverkusen,Bayer Leverkusen,FC Barcelona,88,1,3,Field goal,Left foot,Won
Sunday 18 December 2011,,Santos,Santos,FC Barcelona,82,0,4,,Left foot,Won
Sunday 18 December 2011,,Santos,Santos,FC Barcelona,17,0,1,,Left foot,Won
Wednesday 23 November 2011,Champions League,AC Milan,AC Milan,FC Barcelona,31,1,2,Penalty,Left foot,Won
Tuesday 1 November 2011,Champions League,Viktoria Plzen,Viktoria Plzen,FC Barcelona,90+2,0,4,,Left foot,Won
Tuesday 1 November 2011,Champions League,Viktoria Plzen,Viktoria Plzen,FC Barcelona,45,0,2,,Left foot,Won
Tuesday 1 November 2011,Champions League,Viktoria Plzen,Viktoria Plzen,FC Barcelona,24,0,1,Penalty,Left foot,Won
Wednesday 28 September 2011,Champions League,BATE Borisov,BATE Borisov,FC Barcelona,55,0,4,,Left foot,Won
Wednesday 28 September 2011,Champions League,BATE Borisov,BATE Borisov,FC Barcelona,38,0,3,,Head,Won
Sunday 14 August 2011,,Real Madrid,Real Madrid,FC Barcelona,45,1,2,,Left foot,Draw
Wednesday 27 April 2011,Champions League,Real Madrid,Real Madrid,FC Barcelona,87,0,2,Solo run,Right foot,Won
Wednesday 27 April 2011,Champions League,Real Madrid,Real Madrid,FC Barcelona,76,0,1,Field goal,Left foot,Won
Tuesday 12 April 2011,Champions League,Shakhtar Donetsk,Shakhtar Donetsk,FC Barcelona,43,0,1,,Left foot,Won
Wednesday 19 January 2011,,Real Betis,Real Betis,FC Barcelona,38,2,1,,Left foot,Lost
Wednesday 24 November 2010,Champions League,Panathinaikos,Panathinaikos,FC Barcelona,62,0,2,,Left foot,Won
Tuesday 2 November 2010,Champions League,FC Copenhagen,FC Copenhagen,FC Barcelona,31,0,1,,Right foot,Draw
Saturday 19 December 2009,,Estudiantes La Plata,Estudiantes La Plata,FC Barcelona,110,1,2,,Chest,Won
Wednesday 16 December 2009,,Atlante,Atlante,FC Barcelona,55,1,2,,Left foot,Won
Wednesday 9 December 2009,Champions League,Dynamo Kyiv,Dynamo Kyiv,FC Barcelona,86,1,2,Free kick,Left foot,Won
Wednesday 13 May 2009,,Athletic de Bilbao,Athletic de Bilbao,FC Barcelona,55,1,2,,Left foot,Won
Wednesday 4 March 2009,,Real Mallorca,Real Mallorca,FC Barcelona,81,1,1,,Left foot,Draw
Tuesday 6 January 2009,,Atlético Madrid,Atlético Madrid,FC Barcelona,80,1,3,,Right foot,Won
Tuesday 6 January 2009,,Atlético Madrid,Atlético Madrid,FC Barcelona,57,0,2,Penalty,Left foot,Won
Tuesday 6 January 2009,,Atlético Madrid,Atlético Madrid,FC Barcelona,13,0,1,,Left foot,Won
Wednesday 26 November 2008,Champions League,Sporting Lisbon,Sporting Lisbon,FC Barcelona,49,0,3,,Left foot,Won
Wednesday 22 October 2008,Champions League,FC Basel,FC Basel,FC Barcelona,4,0,1,,Left foot,Won
Wednesday 1 October 2008,Champions League,Shakhtar Donetsk,Shakhtar Donetsk,FC Barcelona,90+4,1,2,,Left foot,Won
Wednesday 1 October 2008,Champions League,Shakhtar Donetsk,Shakhtar Donetsk,FC Barcelona,87,1,1,Rebound,Right foot,Won
Wednesday 20 February 2008,Champions League,Celtic,Celtic,FC Barcelona,79,2,3,,Left foot,Won
Wednesday 20 February 2008,Champions League,Celtic,Celtic,FC Barcelona,18,1,1,,Left foot,Won
Tuesday 27 November 2007,Champions League,Olympique Lyon,Olympique Lyon,FC Barcelona,58,1,2,Penalty,Left foot,Draw
Tuesday 2 October 2007,Champions League,VfB Stuttgart,VfB Stuttgart,FC Barcelona,67,0,2,,Right foot,Won
Wednesday 27 September 2006,Champions League,Werder Bremen,Werder Bremen,FC Barcelona,89,1,1,,Left foot,Draw
Saturday 23 February 2019,Liga,Sevilla,Sevilla,FC Barcelona,85,2,3,Field goal,Left foot,Won
Saturday 23 February 2019,Liga,Sevilla,Sevilla,FC Barcelona,67,2,2,Field goal,Right foot,Won
Saturday 23 February 2019,Liga,Sevilla,Sevilla,FC Barcelona,26,1,1,Field goal,Left foot,Won
Sunday 7 October 2018,Liga,Valencia,Valencia,FC Barcelona,23,1,1,Field goal,Left foot,Draw
Sunday 29 April 2018,Liga,Deportivo La Coruña,Deportivo La Coruña,FC Barcelona,85,2,4,Field goal,Left foot,Won
Sunday 29 April 2018,Liga,Deportivo La Coruña,Deportivo La Coruña,FC Barcelona,82,2,3,Field goal,Right foot,Won
Saturday 31 March 2018,Liga,Sevilla,Sevilla,FC Barcelona,89,2,2,Field goal,Left foot,Draw
Sunday 14 January 2018,Liga,Real Sociedad,Real Sociedad,FC Barcelona,85,2,4,Free kick,Left foot,Won
Sunday 23 April 2017,Liga,Real Madrid,Real Madrid,FC Barcelona,90+2,2,3,Field goal,Left foot,Won
Sunday 23 April 2017,Liga,Real Madrid,Real Madrid,FC Barcelona,33,1,1,Field goal,Left foot,Won
Sunday 26 February 2017,Liga,Atlético Madrid,Atlético Madrid,FC Barcelona,87,1,2,Rebound,Left foot,Won
Sunday 8 January 2017,Liga,Villarreal,Villarreal,FC Barcelona,90,1,1,Free kick,Left foot,Draw
Sunday 27 November 2016,Liga,Real Sociedad,Real Sociedad,FC Barcelona,59,1,1,Field goal,Left foot,Draw
Sunday 6 November 2016,Liga,Sevilla,Sevilla,FC Barcelona,43,1,1,Field goal,Left foot,Won
Saturday 22 October 2016,Liga,Valencia,Valencia,FC Barcelona,90+4,2,3,Penalty,Left foot,Won
Thursday 3 March 2016,Liga,Rayo Vallecano,Rayo Vallecano,FC Barcelona,72,1,4,Field goal,Left foot,Won
Wednesday 17 February 2016,Liga,Sporting Gijón,Sporting Gijón,FC Barcelona,31,1,2,Field goal,Left foot,Won
Saturday 23 January 2016,Liga,Málaga,Málaga,FC Barcelona,51,1,2,Field goal,Left foot,Won
Saturday 12 September 2015,Liga,Atlético Madrid,Atlético Madrid,FC Barcelona,77,1,2,Field goal,Left foot,Won
Saturday 28 February 2015,Liga,Granada,Granada,FC Barcelona,70,1,3,,Right foot,Won
Sunday 27 April 2014,Liga,Villarreal,Villarreal,FC Barcelona,83,2,3,,Right foot,Won
Sunday 23 March 2014,Liga,Real Madrid,Real Madrid,FC Barcelona,84,3,4,Penalty,Left foot,Won
Sunday 23 March 2014,Liga,Real Madrid,Real Madrid,FC Barcelona,65,3,3,Penalty,Left foot,Won
Sunday 23 March 2014,Liga,Real Madrid,Real Madrid,FC Barcelona,42,2,2,,Left foot,Won
Saturday 22 February 2014,Liga,Real Sociedad,Real Sociedad,FC Barcelona,36,1,1,,Left foot,Lost
Sunday 9 February 2014,Liga,Sevilla,Sevilla,FC Barcelona,56,1,3,,Left foot,Won
Sunday 9 February 2014,Liga,Sevilla,Sevilla,FC Barcelona,44,1,2,,Left foot,Won
Saturday 27 April 2013,Liga,Athletic de Bilbao,Athletic de Bilbao,FC Barcelona,67,1,1,Solo run,Left foot,Draw
Saturday 30 March 2013,Liga,Celta de Vigo,Celta de Vigo,FC Barcelona,73,1,2,,Left foot,Draw
Saturday 2 March 2013,Liga,Real Madrid,Real Madrid,FC Barcelona,18,1,1,,Left foot,Lost
Saturday 16 February 2013,Liga,Granada,Granada,FC Barcelona,73,1,2,Free kick,Left foot,Won
Saturday 16 February 2013,Liga,Granada,Granada,FC Barcelona,50,1,1,Rebound,Right foot,Won
Sunday 3 February 2013,Liga,Valencia,Valencia,FC Barcelona,39,1,1,Penalty,Left foot,Draw
Sunday 11 November 2012,Liga,Real Mallorca,Real Mallorca,FC Barcelona,70,2,4,,Left foot,Won
Saturday 20 October 2012,Liga,Deportivo La Coruña,Deportivo La Coruña,FC Barcelona,77,3,5,,Left foot,Won
Saturday 20 October 2012,Liga,Deportivo La Coruña,Deportivo La Coruña,FC Barcelona,43,2,4,,Right foot,Won
Sunday 26 August 2012,Liga,Osasuna,Osasuna,FC Barcelona,80,1,2,,Left foot,Won
Sunday 26 August 2012,Liga,Osasuna,Osasuna,FC Barcelona,76,1,1,,Left foot,Won
Saturday 14 April 2012,Liga,Levante,Levante,FC Barcelona,72,1,2,Penalty,Left foot,Won
Saturday 14 April 2012,Liga,Levante,Levante,FC Barcelona,64,1,1,Field goal,Left foot,Won
Saturday 7 April 2012,Liga,Real Zaragoza,Real Zaragoza,FC Barcelona,86,1,3,Penalty,Left foot,Won
Saturday 7 April 2012,Liga,Real Zaragoza,Real Zaragoza,FC Barcelona,39,1,2,,Left foot,Won
Sunday 26 February 2012,Liga,Atlético Madrid,Atlético Madrid,FC Barcelona,81,1,2,Free kick,Left foot,Won
Sunday 6 November 2011,Liga,Athletic de Bilbao,Athletic de Bilbao,FC Barcelona,90+1,2,2,Rebound,Left foot,Draw
Saturday 1 May 2010,Liga,Villarreal,Villarreal,FC Barcelona,88,1,4,,Left foot,Won
Saturday 6 March 2010,Liga,UD Almería,UD Almería,FC Barcelona,66,2,2,,Left foot,Draw
Saturday 6 March 2010,Liga,UD Almería,UD Almería,FC Barcelona,42,1,1,Free kick,Left foot,Draw
Saturday 5 December 2009,Liga,Deportivo La Coruña,Deportivo La Coruña,FC Barcelona,80,1,2,,Head,Won
Saturday 2 May 2009,Liga,Real Madrid,Real Madrid,FC Barcelona,75,2,5,,Left foot,Won
Saturday 2 May 2009,Liga,Real Madrid,Real Madrid,FC Barcelona,36,1,3,,Left foot,Won
Sunday 1 February 2009,Liga,Racing Santander,Racing Santander,FC Barcelona,81,1,2,,Right foot,Won
Sunday 1 February 2009,Liga,Racing Santander,Racing Santander,FC Barcelona,65,1,1,Rebound,Right foot,Won
Sunday 11 January 2009,Liga,Osasuna,Osasuna,FC Barcelona,85,2,3,,Left foot,Won
Saturday 1 November 2008,Liga,Málaga,Málaga,FC Barcelona,19,1,2,,Left foot,Won
Saturday 27 September 2008,Liga,Espanyol,Espanyol,FC Barcelona,90+7,1,2,Penalty,Left foot,Won
Sunday 21 September 2008,Liga,Sporting Gijón,Sporting Gijón,FC Barcelona,89,1,6,Field goal,Head,Won
Sunday 21 September 2008,Liga,Sporting Gijón,Sporting Gijón,FC Barcelona,85,1,5,Field goal,Left foot,Won
Monday 28 August 2006,Liga,Celta de Vigo,Celta de Vigo,FC Barcelona,60,1,2,,Left foot,Won
Sunday 16 December 2018,Liga,Levante,Levante,FC Barcelona,43,0,2,Field goal,Right foot,Won
Saturday 2 May 2015,Liga,Córdoba,Córdoba,FC Barcelona,46,0,3,,Head,Won
Saturday 14 March 2015,Liga,Eibar,Eibar,FC Barcelona,55,0,2,,Head,Won
Sunday 18 January 2015,Liga,Deportivo La Coruña,Deportivo La Coruña,FC Barcelona,10,0,1,,Head,Won
Sunday 21 September 2014,Liga,Levante,Levante,FC Barcelona,77,0,5,,Right foot,Won
Sunday 1 September 2013,Liga,Valencia,Valencia,FC Barcelona,39,0,2,,Right foot,Won
Sunday 13 January 2013,Liga,Málaga,Málaga,FC Barcelona,27,0,1,,Right foot,Won
Saturday 27 October 2012,Liga,Rayo Vallecano,Rayo Vallecano,FC Barcelona,89,0,5,,Right foot,Won
Sunday 22 January 2012,Liga,Málaga,Málaga,FC Barcelona,33,0,1,,Head,Won
Saturday 26 February 2011,Liga,Real Mallorca,Real Mallorca,FC Barcelona,38,0,1,,Head,Won
Sunday 29 August 2010,Liga,Racing Santander,Racing Santander,FC Barcelona,3,0,1,,Right foot,Won
Saturday 10 April 2010,Liga,Real Madrid,Real Madrid,FC Barcelona,33,0,1,,Right foot,Won
Sunday 21 March 2010,Liga,Real Zaragoza,Real Zaragoza,FC Barcelona,5,0,1,,Head,Won
Sunday 10 January 2010,Liga,Tenerife,Tenerife,FC Barcelona,45,0,3,,Right foot,Won
Saturday 12 September 2009,Liga,Getafe,Getafe,FC Barcelona,80,0,2,,Head,Won
Sunday 29 January 2006,Liga,Real Mallorca,Real Mallorca,FC Barcelona,75,0,2,,Right foot,Won
Sunday 27 January 2019,Liga,Girona,Girona,FC Barcelona,68,0,2,Field goal,Left foot,Won
Sunday 6 January 2019,Liga,Getafe,Getafe,FC Barcelona,20,0,1,Field goal,Left foot,Won
Sunday 16 December 2018,Liga,Levante,Levante,FC Barcelona,60,0,4,Field goal,Left foot,Won
Sunday 16 December 2018,Liga,Levante,Levante,FC Barcelona,47,0,3,Field goal,Left foot,Won
Saturday 8 December 2018,Liga,Espanyol,Espanyol,FC Barcelona,65,0,4,Free kick,Left foot,Won
Saturday 8 December 2018,Liga,Espanyol,Espanyol,FC Barcelona,18,0,1,Free kick,Left foot,Won
Sunday 29 April 2018,Liga,Deportivo La Coruña,Deportivo La Coruña,FC Barcelona,38,0,2,Field goal,Left foot,Won
Thursday 1 March 2018,Liga,Las Palmas,Las Palmas,FC Barcelona,21,0,1,Free kick,Left foot,Draw
Sunday 21 January 2018,Liga,Real Betis,Real Betis,FC Barcelona,80,0,4,Solo run,Left foot,Won
Sunday 21 January 2018,Liga,Real Betis,Real Betis,FC Barcelona,64,0,2,Field goal,Left foot,Won
Saturday 23 December 2017,Liga,Real Madrid,Real Madrid,FC Barcelona,64,0,2,Penalty,Left foot,Won
Sunday 10 December 2017,Liga,Villarreal,Villarreal,FC Barcelona,83,0,2,Field goal,Left foot,Won
Saturday 28 October 2017,Liga,Athletic de Bilbao,Athletic de Bilbao,FC Barcelona,36,0,1,Field goal,Left foot,Won
Saturday 26 August 2017,Liga,Alavés,Alavés,FC Barcelona,66,0,2,Field goal,Left foot,Won
Saturday 26 August 2017,Liga,Alavés,Alavés,FC Barcelona,55,0,1,Field goal,Left foot,Won
Saturday 11 February 2017,Liga,Alavés,Alavés,FC Barcelona,59,0,3,Field goal,Left foot,Won
Sunday 22 January 2017,Liga,Eibar,Eibar,FC Barcelona,50,0,2,Field goal,Left foot,Won
Saturday 10 December 2016,Liga,Osasuna,Osasuna,FC Barcelona,90+2,0,3,Solo run,Left foot,Won
Saturday 10 December 2016,Liga,Osasuna,Osasuna,FC Barcelona,72,0,2,Field goal,Left foot,Won
Saturday 22 October 2016,Liga,Valencia,Valencia,FC Barcelona,22,0,1,Field goal,Left foot,Won
Saturday 17 September 2016,Liga,Leganés,Leganés,FC Barcelona,55,0,4,Penalty,Left foot,Won
Saturday 17 September 2016,Liga,Leganés,Leganés,FC Barcelona,15,0,1,Field goal,Left foot,Won
Wednesday 20 April 2016,Liga,Deportivo La Coruña,Deportivo La Coruña,FC Barcelona,73,0,6,Field goal,Left foot,Won
Sunday 6 March 2016,Liga,Eibar,Eibar,FC Barcelona,76,0,3,Penalty,Left foot,Won
Sunday 6 March 2016,Liga,Eibar,Eibar,FC Barcelona,41,0,2,Field goal,Left foot,Won
Thursday 3 March 2016,Liga,Rayo Vallecano,Rayo Vallecano,FC Barcelona,54,0,3,Rebound,Left foot,Won
Thursday 3 March 2016,Liga,Rayo Vallecano,Rayo Vallecano,FC Barcelona,23,0,2,Field goal,Left foot,Won
Wednesday 17 February 2016,Liga,Sporting Gijón,Sporting Gijón,FC Barcelona,25,0,1,Field goal,Left foot,Won
Sunday 17 May 2015,Liga,Atlético Madrid,Atlético Madrid,FC Barcelona,65,0,1,,Left foot,Won
Saturday 2 May 2015,Liga,Córdoba,Córdoba,FC Barcelona,80,0,6,Rebound,Left foot,Won
Saturday 25 April 2015,Liga,Espanyol,Espanyol,FC Barcelona,25,0,2,,Left foot,Won
Saturday 11 April 2015,Liga,Sevilla,Sevilla,FC Barcelona,14,0,1,,Left foot,Draw
Saturday 14 March 2015,Liga,Eibar,Eibar,FC Barcelona,31,0,1,Penalty,Left foot,Won
Sunday 8 February 2015,Liga,Athletic de Bilbao,Athletic de Bilbao,FC Barcelona,15,0,1,Free kick,Left foot,Won
Saturday 24 January 2015,Liga,Elche,Elche,FC Barcelona,88,0,5,,Left foot,Won
Saturday 24 January 2015,Liga,Elche,Elche,FC Barcelona,55,0,2,Penalty,Left foot,Won
Sunday 18 January 2015,Liga,Deportivo La Coruña,Deportivo La Coruña,FC Barcelona,62,0,3,,Left foot,Won
Sunday 18 January 2015,Liga,Deportivo La Coruña,Deportivo La Coruña,FC Barcelona,33,0,2,,Left foot,Won
Saturday 4 October 2014,Liga,Rayo Vallecano,Rayo Vallecano,FC Barcelona,35,0,1,,Left foot,Won
Saturday 29 March 2014,Liga,Espanyol,Espanyol,FC Barcelona,77,0,1,Penalty,Left foot,Won
Saturday 28 September 2013,Liga,UD Almería,UD Almería,FC Barcelona,21,0,1,,Left foot,Won
Sunday 1 September 2013,Liga,Valencia,Valencia,FC Barcelona,41,0,3,,Left foot,Won
Sunday 1 September 2013,Liga,Valencia,Valencia,FC Barcelona,11,0,1,,Left foot,Won
Saturday 19 January 2013,Liga,Real Sociedad,Real Sociedad,FC Barcelona,7,0,1,,Left foot,Lost
Saturday 22 December 2012,Liga,Real Valladolid,Real Valladolid,FC Barcelona,59,0,2,,Left foot,Won
Sunday 9 December 2012,Liga,Real Betis,Real Betis,FC Barcelona,25,0,2,,Left foot,Won
Sunday 9 December 2012,Liga,Real Betis,Real Betis,FC Barcelona,16,0,1,,Left foot,Won
Sunday 25 November 2012,Liga,Levante,Levante,FC Barcelona,52,0,2,,Left foot,Won
Sunday 25 November 2012,Liga,Levante,Levante,FC Barcelona,47,0,1,,Left foot,Won
Sunday 11 November 2012,Liga,Real Mallorca,Real Mallorca,FC Barcelona,44,0,2,,Left foot,Won
Saturday 27 October 2012,Liga,Rayo Vallecano,Rayo Vallecano,FC Barcelona,48,0,2,,Left foot,Won
Saturday 20 October 2012,Liga,Deportivo La Coruña,Deportivo La Coruña,FC Barcelona,18,0,3,,Left foot,Won
Saturday 15 September 2012,Liga,Getafe,Getafe,FC Barcelona,78,0,3,,Left foot,Won
Saturday 15 September 2012,Liga,Getafe,Getafe,FC Barcelona,74,0,2,Penalty,Left foot,Won
Sunday 29 April 2012,Liga,Rayo Vallecano,Rayo Vallecano,FC Barcelona,90,0,7,,Left foot,Won
Sunday 29 April 2012,Liga,Rayo Vallecano,Rayo Vallecano,FC Barcelona,16,0,1,,Left foot,Won
Saturday 24 March 2012,Liga,Real Mallorca,Real Mallorca,FC Barcelona,25,0,1,Free kick,Left foot,Won
Saturday 17 March 2012,Liga,Sevilla,Sevilla,FC Barcelona,25,0,2,,Left foot,Won
Sunday 11 March 2012,Liga,Racing Santander,Racing Santander,FC Barcelona,56,0,2,Penalty,Left foot,Won
Sunday 11 March 2012,Liga,Racing Santander,Racing Santander,FC Barcelona,29,0,1,,Left foot,Won
Sunday 22 January 2012,Liga,Málaga,Málaga,FC Barcelona,81,0,4,,Left foot,Won
Sunday 22 January 2012,Liga,Málaga,Málaga,FC Barcelona,51,0,3,,Left foot,Won
Saturday 16 April 2011,Liga,Real Madrid,Real Madrid,FC Barcelona,53,0,1,Penalty,Left foot,Draw
Wednesday 2 March 2011,Liga,Valencia,Valencia,FC Barcelona,77,0,1,,Left foot,Won
Saturday 29 January 2011,Liga,Hercules Alicante,Hercules Alicante,FC Barcelona,89,0,3,,Left foot,Won
Saturday 29 January 2011,Liga,Hercules Alicante,Hercules Alicante,FC Barcelona,87,0,2,,Left foot,Won
Saturday 8 January 2011,Liga,Deportivo La Coruña,Deportivo La Coruña,FC Barcelona,52,0,2,Free kick,Left foot,Won
Saturday 4 December 2010,Liga,Osasuna,Osasuna,FC Barcelona,83,0,3,Penalty,Left foot,Won
Saturday 4 December 2010,Liga,Osasuna,Osasuna,FC Barcelona,65,0,2,,Left foot,Won
Saturday 20 November 2010,Liga,UD Almería,UD Almería,FC Barcelona,67,0,7,Rebound,Left foot,Won
Saturday 20 November 2010,Liga,UD Almería,UD Almería,FC Barcelona,37,0,5,Rebound,Left foot,Won
Saturday 20 November 2010,Liga,UD Almería,UD Almería,FC Barcelona,17,0,1,Field goal,Left foot,Won
Sunday 7 November 2010,Liga,Getafe,Getafe,FC Barcelona,23,0,1,,Left foot,Won
Saturday 23 October 2010,Liga,Real Zaragoza,Real Zaragoza,FC Barcelona,66,0,2,,Left foot,Won
Saturday 23 October 2010,Liga,Real Zaragoza,Real Zaragoza,FC Barcelona,42,0,1,,Left foot,Won
Sunday 19 September 2010,Liga,Atlético Madrid,Atlético Madrid,FC Barcelona,13,0,1,,Left foot,Won
Saturday 8 May 2010,Liga,Sevilla,Sevilla,FC Barcelona,5,0,1,,Left foot,Won
Saturday 1 May 2010,Liga,Villarreal,Villarreal,FC Barcelona,19,0,1,,Left foot,Won
Sunday 21 March 2010,Liga,Real Zaragoza,Real Zaragoza,FC Barcelona,78,0,3,,Left foot,Won
Sunday 21 March 2010,Liga,Real Zaragoza,Real Zaragoza,FC Barcelona,66,0,2,Solo run,Left foot,Won
Saturday 23 January 2010,Liga,Real Valladolid,Real Valladolid,FC Barcelona,56,0,3,,Left foot,Won
Sunday 10 January 2010,Liga,Tenerife,Tenerife,FC Barcelona,75,0,4,,Left foot,Won
Sunday 10 January 2010,Liga,Tenerife,Tenerife,FC Barcelona,36,0,1,,Left foot,Won
Saturday 5 December 2009,Liga,Deportivo La Coruña,Deportivo La Coruña,FC Barcelona,27,0,1,,Left foot,Won
Tuesday 22 September 2009,Liga,Racing Santander,Racing Santander,FC Barcelona,63,0,4,,Left foot,Won
Tuesday 22 September 2009,Liga,Racing Santander,Racing Santander,FC Barcelona,24,0,2,,Left foot,Won
Saturday 25 April 2009,Liga,Valencia,Valencia,FC Barcelona,24,0,1,,Left foot,Draw
Saturday 18 April 2009,Liga,Getafe,Getafe,FC Barcelona,19,0,1,,Left foot,Won
Sunday 1 March 2009,Liga,Atlético Madrid,Atlético Madrid,FC Barcelona,30,0,2,,Left foot,Lost
Saturday 29 November 2008,Liga,Sevilla,Sevilla,FC Barcelona,90+2,0,3,,Left foot,Won
Saturday 29 November 2008,Liga,Sevilla,Sevilla,FC Barcelona,78,0,2,,Left foot,Won
Sunday 16 November 2008,Liga,Recreativo Huelva,Recreativo Huelva,FC Barcelona,52,0,1,,Left foot,Won
Saturday 29 September 2007,Liga,Levante,Levante,FC Barcelona,51,0,4,,Left foot,Won
Sunday 17 June 2007,Liga,Gimnàstic,Gimnàstic,FC Barcelona,51,0,4,,Left foot,Won
Sunday 17 June 2007,Liga,Gimnàstic,Gimnàstic,FC Barcelona,35,0,2,,Left foot,Won
Sunday 20 May 2007,Liga,Atlético Madrid,Atlético Madrid,FC Barcelona,80,0,5,,Left foot,Won
Sunday 20 May 2007,Liga,Atlético Madrid,Atlético Madrid,FC Barcelona,39,0,1,,Left foot,Won
Saturday 17 March 2007,Liga,Recreativo Huelva,Recreativo Huelva,FC Barcelona,86,0,4,,Left foot,Won
Sunday 29 January 2006,Liga,Real Mallorca,Real Mallorca,FC Barcelona,81,0,3,,Left foot,Won
